product_id,product_name,category,price,stock_quantity,status
1,Product_1,Electronics,89.39,390,active
2,Product_2,Health,114.11,357,active
3,Product_3,Health,181.64,311,active
4,Product_4,Food,175.1,319,inactive
5,Product_5,Food,56.97,435,active
6,Product_6,Clothing,115.87,49,active
7,Product_7,Health,42.97,198,inactive
8,Product_8,Books,116.19,25,active
9,Product_9,Books,282.85,429,active
10,Product_10,Sports,86.2,39,active
11,Product_11,Electronics,32.76,318,inactive
12,Product_12,Toys,102.4,340,inactive
13,Product_13,Books,42.27,41,inactive
14,Product_14,Electronics,263.53,137,inactive
15,Product_15,Books,203.2,36,active
16,Product_16,Sports,151.0,398,inactive
17,Product_17,Food,17.2,494,inactive
18,Product_18,Clothing,110.64,330,active
19,Product_19,Books,174.35,157,active
20,Product_20,Food,135.7,19,active
21,Product_21,Electronics,36.2,405,active
22,Product_22,Books,221.7,395,inactive
23,Product_23,Clothing,216.59,255,inactive
24,Product_24,Health,253.88,438,inactive
25,Product_25,Clothing,215.14,47,active
26,Product_26,Food,62.22,478,inactive
27,Product_27,Sports,180.3,209,inactive
28,Product_28,Food,107.36,95,active
29,Product_29,Home,213.33,494,active
30,Product_30,Home,287.84,113,inactive
31,Product_31,Home,234.09,196,inactive
32,Product_32,Home,22.9,256,active
33,Product_33,Clothing,13.03,279,active
34,Product_34,Toys,82.73,66,inactive
35,Product_35,Food,50.61,3,active
36,Product_36,Home,41.73,318,inactive
37,Product_37,Home,116.13,54,active
38,Product_38,Books,115.96,168,inactive
39,Product_39,Sports,163.77,276,active
40,Product_40,Home,63.91,22,active
41,Product_41,Sports,146.26,479,inactive
42,Product_42,Clothing,147.11,173,active
43,Product_43,Toys,70.87,373,active
44,Product_44,Health,291.25,76,inactive
45,Product_45,Health,93.21,246,inactive
46,Product_46,Sports,274.1,385,inactive
47,Product_47,Food,218.51,265,active
48,Product_48,Home,186.1,358,active
49,Product_49,Electronics,195.67,409,active
50,Product_50,Home,60.45,101,active
51,Product_51,Sports,55.11,236,inactive
52,Product_52,Sports,23.93,234,inactive
53,Product_53,Sports,152.11,58,inactive
54,Product_54,Toys,103.17,51,inactive
55,Product_55,Health,101.32,428,active
56,Product_56,Home,238.42,93,inactive
57,Product_57,Sports,298.47,122,inactive
58,Product_58,Electronics,284.78,155,active
59,Product_59,Books,67.99,91,active
60,Product_60,Sports,272.19,198,active
61,Product_61,Sports,250.74,54,inactive
62,Product_62,Books,35.51,223,inactive
63,Product_63,Sports,33.22,292,inactive
64,Product_64,Electronics,115.93,224,inactive
65,Product_65,Health,165.09,488,active
66,Product_66,Electronics,204.22,249,inactive
67,Product_67,Clothing,89.73,341,active
68,Product_68,Health,211.2,348,inactive
69,Product_69,Health,48.47,95,inactive
70,Product_70,Electronics,29.28,169,active
71,Product_71,Clothing,267.89,427,inactive
72,Product_72,Books,11.63,182,active
73,Product_73,Toys,257.23,212,inactive
74,Product_74,Electronics,8.38,357,active
75,Product_75,Home,268.8,475,active
76,Product_76,Home,77.15,396,inactive
77,Product_77,Electronics,268.68,50,inactive
78,Product_78,Electronics,26.31,447,active
79,Product_79,Sports,87.07,311,active
80,Product_80,Books,189.42,164,inactive
81,Product_81,Food,284.35,361,inactive
82,Product_82,Toys,140.55,302,active
83,Product_83,Health,133.86,426,inactive
84,Product_84,Electronics,159.12,419,active
85,Product_85,Health,14.6,296,active
86,Product_86,Clothing,27.27,39,inactive
87,Product_87,Clothing,41.26,322,inactive
88,Product_88,Food,73.2,390,active
89,Product_89,Home,97.37,52,inactive
90,Product_90,Clothing,43.15,467,active
91,Product_91,Clothing,261.45,19,active
92,Product_92,Home,222.0,52,inactive
93,Product_93,Electronics,110.39,453,inactive
94,Product_94,Toys,88.47,217,active
95,Product_95,Health,218.35,45,active
96,Product_96,Electronics,22.37,218,inactive
97,Product_97,Sports,254.14,275,inactive
98,Product_98,Electronics,110.15,157,active
99,Product_99,Clothing,282.1,203,inactive
100,Product_100,Sports,227.58,41,inactive
101,Product_101,Electronics,239.07,110,active
102,Product_102,Food,102.53,291,inactive
103,Product_103,Sports,277.07,253,inactive
104,Product_104,Books,269.27,227,inactive
105,Product_105,Food,146.27,113,inactive
106,Product_106,Sports,150.84,208,active
107,Product_107,Toys,99.51,55,inactive
108,Product_108,Health,221.05,397,inactive
109,Product_109,Food,258.29,18,active
110,Product_110,Electronics,54.84,97,inactive
111,Product_111,Toys,50.76,306,inactive
112,Product_112,Food,175.9,138,active
113,Product_113,Toys,94.46,370,active
114,Product_114,Books,22.88,364,active
115,Product_115,Clothing,138.47,381,inactive
116,Product_116,Sports,48.6,117,active
117,Product_117,Clothing,83.52,88,inactive
118,Product_118,Electronics,280.46,47,inactive
119,Product_119,Sports,165.55,358,active
120,Product_120,Toys,227.31,35,inactive
121,Product_121,Health,203.91,420,active
122,Product_122,Health,179.43,387,active
123,Product_123,Books,42.64,212,inactive
124,Product_124,Toys,85.14,202,active
125,Product_125,Health,180.29,353,inactive
126,Product_126,Toys,252.08,357,active
127,Product_127,Books,246.79,459,active
128,Product_128,Toys,32.25,279,inactive
129,Product_129,Electronics,117.51,471,inactive
130,Product_130,Books,76.32,219,inactive
131,Product_131,Toys,72.51,122,inactive
132,Product_132,Home,148.88,42,inactive
133,Product_133,Toys,280.98,449,inactive
134,Product_134,Toys,41.6,20,active
135,Product_135,Sports,296.98,108,inactive
136,Product_136,Electronics,120.12,436,active
137,Product_137,Toys,274.43,29,active
138,Product_138,Health,122.75,63,active
139,Product_139,Books,284.89,474,inactive
140,Product_140,Toys,29.19,269,active
141,Product_141,Clothing,240.98,413,active
142,Product_142,Health,33.38,116,inactive
143,Product_143,Health,188.92,429,inactive
144,Product_144,Toys,286.61,47,inactive
145,Product_145,Sports,76.14,465,inactive
146,Product_146,Food,143.4,450,active
147,Product_147,Electronics,66.27,196,inactive
148,Product_148,Home,131.78,410,active
149,Product_149,Clothing,269.16,476,active
150,Product_150,Electronics,139.06,334,active
151,Product_151,Toys,124.34,87,inactive
152,Product_152,Food,57.08,279,active
153,Product_153,Clothing,139.23,330,active
154,Product_154,Food,7.14,363,inactive
155,Product_155,Health,84.66,411,inactive
156,Product_156,Home,80.3,463,inactive
157,Product_157,Toys,218.95,271,inactive
158,Product_158,Clothing,104.64,454,inactive
159,Product_159,Toys,193.64,190,inactive
160,Product_160,Health,154.43,427,active
161,Product_161,Books,205.99,282,inactive
162,Product_162,Electronics,12.24,155,active
163,Product_163,Books,157.14,192,active
164,Product_164,Food,139.45,490,active
165,Product_165,Books,274.08,225,active
166,Product_166,Clothing,56.91,285,inactive
167,Product_167,Clothing,285.46,90,inactive
168,Product_168,Sports,203.17,250,inactive
169,Product_169,Electronics,138.95,16,inactive
170,Product_170,Clothing,248.38,0,inactive
171,Product_171,Clothing,288.45,353,active
172,Product_172,Sports,176.81,339,inactive
173,Product_173,Food,281.79,496,active
174,Product_174,Electronics,41.06,110,inactive
175,Product_175,Health,62.7,135,inactive
176,Product_176,Electronics,87.46,253,active
177,Product_177,Home,242.99,312,active
178,Product_178,Sports,121.99,192,inactive
179,Product_179,Electronics,259.36,485,inactive
180,Product_180,Sports,131.47,330,active
181,Product_181,Electronics,141.97,161,active
182,Product_182,Home,124.28,426,active
183,Product_183,Books,224.95,340,inactive
184,Product_184,Food,67.22,12,active
185,Product_185,Clothing,245.61,59,inactive
186,Product_186,Electronics,179.92,234,inactive
187,Product_187,Books,222.21,117,inactive
188,Product_188,Clothing,116.34,22,inactive
189,Product_189,Food,233.78,116,active
190,Product_190,Sports,196.72,120,inactive
191,Product_191,Electronics,8.28,240,active
192,Product_192,Electronics,102.89,298,active
193,Product_193,Health,97.99,298,active
194,Product_194,Electronics,152.79,363,active
195,Product_195,Food,216.62,154,active
196,Product_196,Sports,245.31,114,inactive
197,Product_197,Toys,146.7,222,active
198,Product_198,Electronics,217.43,5,active
199,Product_199,Health,134.4,256,inactive
200,Product_200,Food,132.24,210,inactive
201,Product_201,Electronics,155.52,429,active
202,Product_202,Food,174.9,456,active
203,Product_203,Clothing,5.21,154,inactive
204,Product_204,Toys,190.27,112,active
205,Product_205,Clothing,154.87,390,inactive
206,Product_206,Toys,264.27,348,active
207,Product_207,Electronics,269.77,248,inactive
208,Product_208,Food,53.39,493,active
209,Product_209,Toys,252.34,24,active
210,Product_210,Clothing,47.02,187,active
211,Product_211,Clothing,279.37,429,inactive
212,Product_212,Home,215.91,490,active
213,Product_213,Clothing,252.17,443,inactive
214,Product_214,Home,289.56,148,active
215,Product_215,Toys,207.54,139,active
216,Product_216,Food,116.96,3,active
217,Product_217,Clothing,134.56,62,active
218,Product_218,Electronics,140.27,46,active
219,Product_219,Clothing,12.98,280,inactive
220,Product_220,Books,20.8,330,active
221,Product_221,Sports,157.84,166,active
222,Product_222,Clothing,127.58,126,inactive
223,Product_223,Books,190.28,340,active
224,Product_224,Food,116.17,428,inactive
225,Product_225,Sports,143.01,303,active
226,Product_226,Food,86.43,322,inactive
227,Product_227,Food,279.48,152,active
228,Product_228,Clothing,42.77,245,inactive
229,Product_229,Electronics,37.33,153,inactive
230,Product_230,Electronics,139.03,300,active
231,Product_231,Health,113.35,169,inactive
232,Product_232,Home,243.47,80,inactive
233,Product_233,Electronics,101.51,351,inactive
234,Product_234,Electronics,278.56,299,active
235,Product_235,Electronics,174.54,429,inactive
236,Product_236,Toys,150.41,336,active
237,Product_237,Food,31.19,109,active
238,Product_238,Clothing,184.12,31,active
239,Product_239,Health,5.15,214,active
240,Product_240,Electronics,87.35,426,active
241,Product_241,Sports,98.29,458,active
242,Product_242,Home,15.98,141,active
243,Product_243,Sports,201.03,150,active
244,Product_244,Food,252.77,153,inactive
245,Product_245,Toys,129.77,75,inactive
246,Product_246,Health,175.73,173,inactive
247,Product_247,Clothing,253.95,311,inactive
248,Product_248,Books,102.86,373,inactive
249,Product_249,Sports,14.94,122,active
250,Product_250,Books,230.23,452,inactive
251,Product_251,Health,278.25,262,inactive
252,Product_252,Clothing,287.35,210,active
253,Product_253,Clothing,36.06,339,inactive
254,Product_254,Books,82.25,378,inactive
255,Product_255,Food,10.46,374,inactive
256,Product_256,Electronics,114.26,213,active
257,Product_257,Toys,243.23,125,active
258,Product_258,Health,237.46,194,inactive
259,Product_259,Food,186.24,247,inactive
260,Product_260,Clothing,82.06,349,inactive
261,Product_261,Electronics,268.24,13,inactive
262,Product_262,Toys,291.31,118,active
263,Product_263,Health,33.9,141,inactive
264,Product_264,Sports,224.85,348,active
265,Product_265,Home,267.75,186,inactive
266,Product_266,Toys,221.76,382,inactive
267,Product_267,Electronics,28.77,346,inactive
268,Product_268,Sports,264.27,488,active
269,Product_269,Sports,7.26,34,active
270,Product_270,Clothing,299.2,272,active
271,Product_271,Health,268.78,449,inactive
272,Product_272,Electronics,251.37,336,active
273,Product_273,Health,29.13,135,active
274,Product_274,Sports,46.45,145,inactive
275,Product_275,Home,83.93,347,inactive
276,Product_276,Home,48.52,287,active
277,Product_277,Books,201.53,381,inactive
278,Product_278,Toys,235.51,16,active
279,Product_279,Clothing,272.65,166,active
280,Product_280,Clothing,28.24,121,inactive
281,Product_281,Home,147.38,158,inactive
282,Product_282,Books,236.6,476,inactive
283,Product_283,Books,99.04,243,active
284,Product_284,Electronics,250.77,474,inactive
285,Product_285,Health,293.75,212,inactive
286,Product_286,Toys,107.41,454,active
287,Product_287,Clothing,136.35,401,inactive
288,Product_288,Electronics,211.75,193,active
289,Product_289,Toys,79.59,417,active
290,Product_290,Food,272.73,185,active
291,Product_291,Books,231.66,144,inactive
292,Product_292,Health,119.58,325,active
293,Product_293,Sports,254.68,303,inactive
294,Product_294,Food,19.2,451,active
295,Product_295,Books,224.85,255,active
296,Product_296,Electronics,66.07,415,active
297,Product_297,Electronics,250.21,431,inactive
298,Product_298,Toys,154.4,203,active
299,Product_299,Home,174.07,390,active
300,Product_300,Health,280.23,141,inactive
301,Product_301,Toys,227.4,310,inactive
302,Product_302,Clothing,195.37,267,inactive
303,Product_303,Toys,29.02,72,inactive
304,Product_304,Clothing,29.82,288,inactive
305,Product_305,Home,282.23,268,inactive
306,Product_306,Sports,38.41,302,inactive
307,Product_307,Home,194.15,23,active
308,Product_308,Toys,192.86,295,active
309,Product_309,Toys,219.18,94,inactive
310,Product_310,Health,206.33,146,active
311,Product_311,Home,117.82,437,inactive
312,Product_312,Electronics,258.43,192,active
313,Product_313,Home,224.25,296,active
314,Product_314,Health,60.17,66,active
315,Product_315,Electronics,250.55,28,inactive
316,Product_316,Health,33.13,141,inactive
317,Product_317,Electronics,117.49,414,active
318,Product_318,Toys,155.72,181,active
319,Product_319,Books,46.95,319,inactive
320,Product_320,Home,174.67,232,active
321,Product_321,Food,106.13,497,inactive
322,Product_322,Clothing,267.77,272,active
323,Product_323,Clothing,37.6,26,active
324,Product_324,Food,270.12,84,active
325,Product_325,Electronics,54.99,9,active
326,Product_326,Home,235.5,93,active
327,Product_327,Home,146.17,450,inactive
328,Product_328,Food,107.15,377,inactive
329,Product_329,Clothing,168.12,99,inactive
330,Product_330,Sports,47.9,269,active
331,Product_331,Health,163.29,346,active
332,Product_332,Food,179.15,84,inactive
333,Product_333,Toys,128.26,136,inactive
334,Product_334,Health,227.4,364,active
335,Product_335,Books,191.46,212,active
336,Product_336,Food,205.77,381,inactive
337,Product_337,Toys,251.57,362,inactive
338,Product_338,Toys,24.95,208,inactive
339,Product_339,Clothing,243.82,435,inactive
340,Product_340,Health,79.74,406,inactive
341,Product_341,Health,295.32,60,inactive
342,Product_342,Food,146.85,482,active
343,Product_343,Sports,93.76,311,active
344,Product_344,Books,195.83,105,active
345,Product_345,Health,52.9,298,active
346,Product_346,Toys,242.8,171,active
347,Product_347,Food,113.47,373,active
348,Product_348,Sports,14.81,135,inactive
349,Product_349,Sports,82.67,192,inactive
350,Product_350,Books,298.93,193,inactive
351,Product_351,Clothing,78.59,81,inactive
352,Product_352,Sports,142.91,146,active
353,Product_353,Home,165.69,282,active
354,Product_354,Books,146.31,436,inactive
355,Product_355,Toys,38.94,299,inactive
356,Product_356,Health,200.49,298,active
357,Product_357,Food,107.16,434,inactive
358,Product_358,Health,122.38,324,inactive
359,Product_359,Food,243.16,446,active
360,Product_360,Sports,201.36,196,active
361,Product_361,Health,48.11,164,inactive
362,Product_362,Toys,274.45,357,inactive
363,Product_363,Clothing,104.62,180,active
364,Product_364,Clothing,167.97,110,active
365,Product_365,Electronics,41.25,415,inactive
366,Product_366,Home,244.23,241,active
367,Product_367,Health,18.46,439,inactive
368,Product_368,Health,141.27,271,active
369,Product_369,Clothing,31.47,341,inactive
370,Product_370,Home,278.69,154,active
371,Product_371,Clothing,58.08,44,active
372,Product_372,Clothing,105.34,419,inactive
373,Product_373,Sports,98.79,471,inactive
374,Product_374,Home,284.27,492,active
375,Product_375,Electronics,294.65,458,inactive
376,Product_376,Toys,12.23,481,inactive
377,Product_377,Health,228.8,317,inactive
378,Product_378,Books,299.69,302,inactive
379,Product_379,Books,67.95,486,inactive
380,Product_380,Sports,246.74,227,active
381,Product_381,Toys,278.52,273,inactive
382,Product_382,Electronics,50.36,392,active
383,Product_383,Sports,252.6,340,active
384,Product_384,Food,65.76,433,inactive
385,Product_385,Sports,218.82,37,inactive
386,Product_386,Sports,234.74,497,active
387,Product_387,Sports,210.44,450,inactive
388,Product_388,Health,133.01,362,active
389,Product_389,Toys,209.1,18,active
390,Product_390,Clothing,195.57,94,inactive
391,Product_391,Toys,183.09,469,active
392,Product_392,Home,69.71,288,active
393,Product_393,Health,10.35,417,active
394,Product_394,Books,219.28,462,inactive
395,Product_395,Sports,109.03,317,active
396,Product_396,Books,102.65,129,active
397,Product_397,Electronics,52.24,102,inactive
398,Product_398,Food,191.53,456,active
399,Product_399,Clothing,209.3,333,active
400,Product_400,Books,146.81,370,active
401,Product_401,Home,223.92,160,active
402,Product_402,Home,108.48,361,active
403,Product_403,Books,260.23,339,active
404,Product_404,Food,73.28,270,active
405,Product_405,Clothing,53.4,303,inactive
406,Product_406,Health,166.79,471,inactive
407,Product_407,Food,255.47,281,inactive
408,Product_408,Toys,127.65,208,inactive
409,Product_409,Home,34.97,287,inactive
410,Product_410,Books,191.62,163,inactive
411,Product_411,Electronics,219.46,111,inactive
412,Product_412,Books,197.42,439,active
413,Product_413,Books,54.02,291,inactive
414,Product_414,Books,10.68,214,active
415,Product_415,Food,157.76,416,inactive
416,Product_416,Health,62.56,234,active
417,Product_417,Toys,153.63,18,inactive
418,Product_418,Electronics,175.67,271,active
419,Product_419,Sports,279.82,137,active
420,Product_420,Toys,55.44,342,inactive
421,Product_421,Food,107.87,91,active
422,Product_422,Toys,286.05,108,inactive
423,Product_423,Electronics,8.15,495,inactive
424,Product_424,Clothing,187.95,161,active
425,Product_425,Toys,154.63,423,active
426,Product_426,Books,174.62,212,active
427,Product_427,Toys,51.14,197,active
428,Product_428,Home,150.23,194,inactive
429,Product_429,Books,298.27,473,active
430,Product_430,Toys,111.4,106,inactive
431,Product_431,Books,282.4,244,inactive
432,Product_432,Books,28.22,398,active
433,Product_433,Home,242.91,381,active
434,Product_434,Sports,178.58,152,active
435,Product_435,Home,266.62,180,active
436,Product_436,Home,204.4,160,inactive
437,Product_437,Clothing,198.2,20,active
438,Product_438,Food,270.65,99,inactive
439,Product_439,Clothing,149.1,47,inactive
440,Product_440,Clothing,52.24,326,inactive
441,Product_441,Health,169.69,468,inactive
442,Product_442,Sports,98.96,460,active
443,Product_443,Clothing,181.87,275,active
444,Product_444,Clothing,215.14,421,active
445,Product_445,Health,55.22,51,inactive
446,Product_446,Toys,123.93,273,inactive
447,Product_447,Food,16.74,133,inactive
448,Product_448,Electronics,215.13,445,inactive
449,Product_449,Electronics,64.5,80,inactive
450,Product_450,Toys,18.54,300,inactive
451,Product_451,Home,57.18,61,active
452,Product_452,Sports,296.33,174,active
453,Product_453,Books,234.35,146,inactive
454,Product_454,Food,5.39,228,active
455,Product_455,Toys,51.56,310,inactive
456,Product_456,Clothing,47.44,240,inactive
457,Product_457,Food,23.61,97,active
458,Product_458,Books,172.04,246,inactive
459,Product_459,Toys,98.93,292,inactive
460,Product_460,Sports,234.52,40,active
461,Product_461,Toys,43.1,367,inactive
462,Product_462,Toys,253.73,152,active
463,Product_463,Sports,27.65,144,inactive
464,Product_464,Food,29.6,24,active
465,Product_465,Clothing,61.99,430,active
466,Product_466,Electronics,184.91,433,active
467,Product_467,Books,228.67,421,inactive
468,Product_468,Electronics,253.85,105,inactive
469,Product_469,Sports,145.31,27,inactive
470,Product_470,Sports,280.5,292,inactive
471,Product_471,Electronics,99.79,305,inactive
472,Product_472,Toys,31.2,361,active
473,Product_473,Books,299.45,89,inactive
474,Product_474,Electronics,83.7,394,active
475,Product_475,Health,162.76,105,active
476,Product_476,Clothing,293.32,27,inactive
477,Product_477,Home,182.45,441,inactive
478,Product_478,Home,190.58,221,active
479,Product_479,Electronics,281.31,218,inactive
480,Product_480,Food,112.99,240,inactive
481,Product_481,Toys,133.97,206,inactive
482,Product_482,Books,54.63,241,active
483,Product_483,Sports,249.62,236,active
484,Product_484,Sports,242.96,214,inactive
485,Product_485,Sports,178.23,219,active
486,Product_486,Sports,277.84,312,inactive
487,Product_487,Food,233.08,15,inactive
488,Product_488,Toys,214.57,126,inactive
489,Product_489,Health,285.47,432,inactive
490,Product_490,Sports,79.18,263,inactive
491,Product_491,Health,101.06,431,inactive
492,Product_492,Clothing,232.88,300,active
493,Product_493,Sports,235.78,170,inactive
494,Product_494,Electronics,220.98,403,inactive
495,Product_495,Clothing,37.72,171,inactive
496,Product_496,Clothing,73.56,52,active
497,Product_497,Health,113.52,266,inactive
498,Product_498,Toys,277.36,469,active
499,Product_499,Health,89.72,476,active
500,Product_500,Clothing,152.97,161,inactive
